session_id,distinct_areas,distinct_area_types,path_length_px,mean_step_px,revisit_ratio,backtracking_ratio,playtime_min,move_time_min,idle_time_min,explore_time_ratio,time_to_first_quest_min,mean_quest_duration_min,dialogs_started,dialogs_per_min,choices_made,quests_added,quests_completed,quest_completion_ratio,scene_changes,puzzle_starts,puzzle_solves,puzzle_solve_ratio,items_collected,exploration_index,goal_orientation,disorientation
1788365938_d262e01d0f0a76ed,5.0,4.0,13741.38,17.78,0.6429,0.6923,3.5045,2.1357,1.3689,0.5845,0.7808,1.0806,11.0,3.1388,0.0,5.0,2.0,0.4,13.0,1.0,1.0,1.0,8.0,0.0472,0.7809,0.7512
1788368213_ff1e38c9df49a20c,7.0,4.0,23972.35,15.74,0.65,0.6842,5.8088,4.1304,1.6784,0.6016,1.4497,2.6355,19.0,3.2709,0.0,5.0,4.0,0.8,19.0,1.0,1.0,1.0,10.0,0.3728,0.7115,0.4148
1788368714_7661175286cd89df,7.0,4.0,25275.1,14.12,0.6818,0.7143,7.4425,5.3046,2.1378,0.6895,1.2333,2.5024,16.0,2.1498,0.0,4.0,3.0,0.75,21.0,1.0,1.0,1.0,11.0,0.5642,0.7122,0.75
1788369683_4423aa35f1b9cf6d,7.0,4.0,17884.67,18.83,0.65,0.6842,8.2281,2.7667,5.4615,0.7481,5.0449,3.4913,14.0,1.7015,0.0,5.0,4.0,0.8,19.0,1.0,1.0,1.0,11.0,0.4531,0.6,0.4148
1788370191_8258a38bed4343b3,7.0,4.0,14742.86,17.81,0.6111,0.6471,3.5152,2.0072,1.508,0.5575,0.7133,1.2922,11.0,3.1292,0.0,5.0,4.0,0.8,17.0,1.0,1.0,1.0,10.0,0.0289,0.8866,0.2553
1788371272_a697ec618a1d6783,7.0,4.0,23340.64,18.49,0.6667,0.7,4.5911,3.0083,1.5827,0.632,0.7768,1.6796,15.0,3.2672,0.0,5.0,4.0,0.8,20.0,1.0,1.0,1.0,11.0,0.4077,0.8361,0.4865
1788385412_b92287bee1af202c,7.0,4.0,14531.63,17.34,0.5625,0.6,3.3761,1.9914,1.3847,0.6092,0.5494,0.9337,11.0,3.2582,0.0,5.0,3.0,0.6,15.0,1.0,1.0,1.0,10.0,0.1133,0.8667,0.2615
1788385650_42011fdd863ed66e,7.0,4.0,17570.27,14.81,0.5625,0.6,4.8556,3.2165,1.6392,0.6978,0.6885,2.2204,14.0,2.8833,0.0,5.0,4.0,0.8,15.0,1.0,1.0,1.0,11.0,0.356,0.7656,0.0667
1788385970_831fdd524fc92133,7.0,4.0,20819.16,13.09,0.5625,0.6,8.2157,5.5393,2.6763,0.6292,1.6837,3.0312,15.0,1.8258,0.0,6.0,4.0,0.6667,15.0,1.0,1.0,1.0,11.0,0.3299,0.6155,0.1111
